-- =============================================
-- 中岳项目假数据生成脚本
-- 创建时间：2025年1月
-- 说明：用于前端页面展示的假数据替换脚本
-- 注意：已根据实际数据库结构进行调整
-- =============================================

-- 设置字符集
SET NAMES utf8mb4;
SET FOREIGN_KEY_CHECKS = 0;

-- =============================================
-- 1. 部门表假数据 (10条)
-- =============================================
TRUNCATE TABLE `sys_department`;
INSERT INTO `sys_department` (`id`, `name`, `parent_id`, `sort`, `phone`, `principal`, `email`, `status`, `type`, `create_time`, `remark`) VALUES
(1, '中岳会计公司总部', NULL, 1, '010-12345678', '张总', 'zhang@zhongyue.com', 1, 1, NOW(), '集团总部'),
(2, '北京分公司', 1, 2, '010-87654321', '李经理', 'li@zhongyue.com', 1, 2, NOW(), '北京地区分公司'),
(3, '上海分公司', 1, 3, '021-12345678', '王经理', 'wang@zhongyue.com', 1, 2, NOW(), '上海地区分公司'),
(4, '广州分公司', 1, 4, '020-87654321', '陈经理', 'chen@zhongyue.com', 1, 2, NOW(), '广州地区分公司'),
(5, '深圳分公司', 1, 5, '0755-12345678', '赵经理', 'zhao@zhongyue.com', 1, 2, NOW(), '深圳地区分公司'),
(6, '财务部', 2, 6, '010-11111111', '钱会计', 'qian@zhongyue.com', 1, 3, NOW(), '负责财务管理'),
(7, '业务部', 2, 7, '010-22222222', '孙业务', 'sun@zhongyue.com', 1, 3, NOW(), '负责客户开发'),
(8, '人事部', 2, 8, '010-33333333', '周人事', 'zhou@zhongyue.com', 1, 3, NOW(), '负责人力资源'),
(9, '技术部', 3, 9, '021-44444444', '吴技术', 'wu@zhongyue.com', 1, 3, NOW(), '负责技术开发'),
(10, '法务部', 1, 10, '010-66666666', '郑法务', 'zheng@zhongyue.com', 1, 3, NOW(), '负责法律事务');

-- =============================================
-- 2. 角色表假数据 (10条)
-- =============================================
TRUNCATE TABLE `sys_role`;
INSERT INTO `sys_role` (`id`, `name`, `code`, `status`, `remark`, `create_time`, `update_time`) VALUES
(1, '超级管理员', 'super_admin', 1, '拥有系统最高权限', NOW(), NOW()),
(2, '系统管理员', 'system_admin', 1, '系统管理权限', NOW(), NOW()),
(3, '分公司经理', 'branch_manager', 1, '分公司管理权限', NOW(), NOW()),
(4, '财务主管', 'finance_manager', 1, '财务部门主管', NOW(), NOW()),
(5, '业务主管', 'business_manager', 1, '业务部门主管', NOW(), NOW()),
(6, '代账会计', 'bookkeeping_accountant', 1, '代理记账会计', NOW(), NOW()),
(7, '咨询会计', 'consultant_accountant', 1, '咨询会计师', NOW(), NOW()),
(8, '销售专员', 'sales_specialist', 1, '销售专员权限', NOW(), NOW()),
(9, '注册专员', 'register_specialist', 1, '工商注册专员', NOW(), NOW()),
(10, '行政专员', 'admin_specialist', 1, '行政管理专员', NOW(), NOW());

-- =============================================
-- 3. 用户表假数据 (30条) - 根据实际字段结构
-- =============================================
TRUNCATE TABLE `sys_user`;
INSERT INTO `sys_user` (`id`, `username`, `password`, `passwordUpdatedAt`, `isActive`, `phone`, `roles`, `dept_id`, `createdAt`, `updatedAt`, `idCardNumber`, `avatar`) VALUES
(1, '超级管理员', '$2b$10$fUafUvd1zrBZLmfBMEC9Webp6S.GnyuYYmIsbINq/NIpDCxiW84Xa', NOW(), 1, '13800000001', '["super_admin"]', 1, NOW(), NOW(), '110101199001011001', '/avatar/admin.png'),
(2, '张三', '$2b$10$YourHashedPasswordHere2', NOW(), 1, '13800000002', '["branch_manager"]', 2, NOW(), NOW(), '110101199002021002', '/avatar/zhangsan.png'),
(3, '李四', '$2b$10$YourHashedPasswordHere3', NOW(), 1, '13800000003', '["finance_manager"]', 6, NOW(), NOW(), '110101199003031003', '/avatar/lisi.png'),
(4, '王五', '$2b$10$YourHashedPasswordHere4', NOW(), 1, '13800000004', '["business_manager"]', 7, NOW(), NOW(), '110101199004041004', '/avatar/wangwu.png'),
(5, '赵六', '$2b$10$YourHashedPasswordHere5', NOW(), 1, '13800000005', '["bookkeeping_accountant"]', 6, NOW(), NOW(), '110101199005051005', '/avatar/zhaoliu.png'),
(6, '钱七', '$2b$10$YourHashedPasswordHere6', NOW(), 1, '13800000006', '["consultant_accountant"]', 6, NOW(), NOW(), '110101199006061006', '/avatar/qianqi.png'),
(7, '孙八', '$2b$10$YourHashedPasswordHere7', NOW(), 1, '13800000007', '["sales_specialist"]', 7, NOW(), NOW(), '110101199007071007', '/avatar/sunba.png'),
(8, '周九', '$2b$10$YourHashedPasswordHere8', NOW(), 1, '13800000008', '["register_specialist"]', 7, NOW(), NOW(), '110101199008081008', '/avatar/zhoujiu.png'),
(9, '吴十', '$2b$10$YourHashedPasswordHere9', NOW(), 1, '13800000009', '["admin_specialist"]', 8, NOW(), NOW(), '110101199009091009', '/avatar/wushi.png'),
(10, '郑十一', '$2b$10$YourHashedPasswordHere10', NOW(), 1, '13800000010', '["bookkeeping_accountant"]', 6, NOW(), NOW(), '110101199010101010', '/avatar/zheng.png'),
(11, '冯会计', '$2b$10$YourHashedPasswordHere11', NOW(), 1, '13800000011', '["bookkeeping_accountant"]', 6, NOW(), NOW(), '110101199011111011', NULL),
(12, '陈出纳', '$2b$10$YourHashedPasswordHere12', NOW(), 1, '13800000012', '["finance_manager"]', 6, NOW(), NOW(), '110101199012121012', NULL),
(13, '褚业务', '$2b$10$YourHashedPasswordHere13', NOW(), 1, '13800000013', '["sales_specialist"]', 7, NOW(), NOW(), '110101199101011013', NULL),
(14, '卫销售', '$2b$10$YourHashedPasswordHere14', NOW(), 1, '13800000014', '["sales_specialist"]', 7, NOW(), NOW(), '110101199102021014', NULL),
(15, '蒋客服', '$2b$10$YourHashedPasswordHere15', NOW(), 1, '13800000015', '["admin_specialist"]', 8, NOW(), NOW(), '110101199103031015', NULL),
(16, '沈技术', '$2b$10$YourHashedPasswordHere16', NOW(), 1, '13800000016', '["system_admin"]', 9, NOW(), NOW(), '110101199104041016', NULL),
(17, '韩开发', '$2b$10$YourHashedPasswordHere17', NOW(), 1, '13800000017', '["system_admin"]', 9, NOW(), NOW(), '110101199105051017', NULL),
(18, '杨人事', '$2b$10$YourHashedPasswordHere18', NOW(), 1, '13800000018', '["admin_specialist"]', 8, NOW(), NOW(), '110101199106061018', NULL),
(19, '朱主管', '$2b$10$YourHashedPasswordHere19', NOW(), 1, '13800000019', '["branch_manager"]', 2, NOW(), NOW(), '110101199107071019', NULL),
(20, '秦经理', '$2b$10$YourHashedPasswordHere20', NOW(), 1, '13800000020', '["branch_manager"]', 3, NOW(), NOW(), '110101199108081020', NULL),
(21, '尤总监', '$2b$10$YourHashedPasswordHere21', NOW(), 1, '13800000021', '["system_admin"]', 1, NOW(), NOW(), '110101199109091021', NULL),
(22, '许助理', '$2b$10$YourHashedPasswordHere22', NOW(), 1, '13800000022', '["admin_specialist"]', 2, NOW(), NOW(), '110101199110101022', NULL),
(23, '何文员', '$2b$10$YourHashedPasswordHere23', NOW(), 1, '13800000023', '["admin_specialist"]', 8, NOW(), NOW(), '110101199111111023', NULL),
(24, '吕专员', '$2b$10$YourHashedPasswordHere24', NOW(), 1, '13800000024', '["register_specialist"]', 7, NOW(), NOW(), '110101199112121024', NULL),
(25, '施顾问', '$2b$10$YourHashedPasswordHere25', NOW(), 1, '13800000025', '["consultant_accountant"]', 6, NOW(), NOW(), '110101199201011025', NULL),
(26, '张分析师', '$2b$10$YourHashedPasswordHere26', NOW(), 1, '13800000026', '["bookkeeping_accountant"]', 6, NOW(), NOW(), '110101199202021026', NULL),
(27, '孔审计', '$2b$10$YourHashedPasswordHere27', NOW(), 1, '13800000027', '["finance_manager"]', 6, NOW(), NOW(), '110101199203031027', NULL),
(28, '曹法务', '$2b$10$YourHashedPasswordHere28', NOW(), 1, '13800000028', '["admin_specialist"]', 10, NOW(), NOW(), '110101199204041028', NULL),
(29, '严律师', '$2b$10$YourHashedPasswordHere29', NOW(), 1, '13800000029', '["admin_specialist"]', 10, NOW(), NOW(), '110101199205051029', NULL),
(30, '华实习生', '$2b$10$YourHashedPasswordHere30', NOW(), 1, '13800000030', '["sales_specialist"]', 7, NOW(), NOW(), '110101199206061030', NULL);

-- =============================================
-- 4. 权限表假数据 - 根据实际权限结构
-- =============================================
TRUNCATE TABLE `sys_permission`;
INSERT INTO `sys_permission` (`role_name`, `page_name`, `permission_name`, `permission_value`, `description`, `role_id`) VALUES
('超级管理员', '系统管理', 'system_admin', 1, '系统管理权限', 1),
('超级管理员', '用户管理', 'user_management', 1, '用户管理权限', 1),
('超级管理员', '角色管理', 'role_management', 1, '角色管理权限', 1),
('超级管理员', '客户管理', 'customer_action_create', 1, '创建客户', 1),
('超级管理员', '客户管理', 'customer_action_edit', 1, '编辑客户', 1),
('超级管理员', '客户管理', 'customer_action_delete', 1, '删除客户', 1),
('系统管理员', '用户管理', 'user_management', 1, '用户管理权限', 2),
('系统管理员', '角色管理', 'role_management', 1, '角色管理权限', 2),
('财务主管', '财务管理', 'finance_management', 1, '财务管理权限', 4),
('财务主管', '薪资管理', 'salary_management', 1, '薪资管理权限', 4),
('业务主管', '客户管理', 'customer_management', 1, '客户管理权限', 5),
('业务主管', '合同管理', 'contract_management', 1, '合同管理权限', 5),
('代账会计', '费用管理', 'expense_management', 1, '费用管理权限', 6),
('咨询会计', '客户管理', 'customer_view', 1, '客户查看权限', 7),
('销售专员', '客户管理', 'customer_action_create', 1, '创建客户', 8),
('注册专员', '合同管理', 'contract_action_create', 1, '创建合同', 9),
('行政专员', '员工管理', 'employee_management', 1, '员工管理权限', 10);

-- =============================================
-- 5. 客户表假数据 (100条) - 根据实际字段结构
-- =============================================
TRUNCATE TABLE `sys_customer`;
INSERT INTO `sys_customer` (`id`, `companyName`, `location`, `consultantAccountant`, `bookkeepingAccountant`, `invoiceOfficer`, `enterpriseType`, `unifiedSocialCreditCode`, `taxNumber`, `registeredAddress`, `businessAddress`, `taxBureau`, `actualResponsibles`, `actualResponsibleRemark`, `customerLevel`, `businessStatus`, `enterpriseStatus`, `contributionAmount`, `createTime`, `updateTime`) VALUES
(1, '北京科技创新有限公司', '定兴总公司', '庾利丽', '田雨', '牛姗姗', '小规模（公司）', '91110101123456789A', '91110101123456789A', '北京市朝阳区科技园1号', '北京市朝阳区科技园1号', '朝阳税务局', 'W3sibmFtZSI6ICLlvKDmgLsiLCAicGhvbmUiOiAiMTM4MDAwMDAwMDEifV0=', '实际控制人', 'AA', 'normal', 'normal', '5000.00', '2024-01-15', NOW()),
(2, '上海贸易发展公司', '定兴总公司', '庾利丽', '周莹', '牛姗姗', '小规模（公司）', '91310101234567890B', '91310101234567890B', '上海市浦东新区贸易大厦2号', '上海市浦东新区贸易大厦2号', '浦东税务局', 'W3sibmFtZSI6ICLmnI7mgLsiLCAicGhvbmUiOiAiMTM4MDAwMDAwMDIifV0=', '法人代表', 'A', 'normal', 'normal', '3500.00', '2024-01-20', NOW()),
(3, '广州制造实业企业', '高碑店分公司', '庾利丽', '田雨', '牛姗姗', '小规模（公司）', '91440101345678901C', '91440101345678901C', '广州市天河区制造业园区3号', '广州市天河区制造业园区3号', '天河税务局', 'W3sibmFtZSI6ICLnjovmgLsiLCAicGhvbmUiOiAiMTM4MDAwMDAwMDMifV0=', '股东', 'B', 'normal', 'normal', '2800.00', '2024-02-01', NOW()),
(4, '深圳互联网科技公司', '雄安分公司', '庾利丽', '周莹', '牛姗姗', '小规模（公司）', '91440300456789012D', '91440300456789012D', '深圳市南山区科技园4号', '深圳市南山区科技园4号', '南山税务局', 'W3sibmFtZSI6ICLliJjmgLsiLCAicGhvbmUiOiAiMTM4MDAwMDAwMDQifV0=', '创始人', 'AA', 'normal', 'normal', '6200.00', '2024-02-10', NOW()),
(5, '杭州电商服务公司', '定兴总公司', '庾利丽', '田雨', '牛姗姗', '小规模（公司）', '91330101567890123E', '91330101567890123E', '杭州市西湖区电商园5号', '杭州市西湖区电商园5号', '西湖税务局', 'W3sibmFtZSI6ICLpmYjmgLsiLCAicGhvbmUiOiAiMTM4MDAwMDAwMDUifV0=', '总经理', 'A', 'normal', 'normal', '4100.00', '2024-02-15', NOW());

-- 生成剩余95条客户数据
INSERT INTO `sys_customer` (`companyName`, `location`, `consultantAccountant`, `bookkeepingAccountant`, `invoiceOfficer`, `enterpriseType`, `unifiedSocialCreditCode`, `taxNumber`, `registeredAddress`, `businessAddress`, `taxBureau`, `actualResponsibles`, `customerLevel`, `businessStatus`, `enterpriseStatus`, `contributionAmount`, `createTime`, `updateTime`) 
SELECT 
    CONCAT('测试企业', (ROW_NUMBER() OVER()) + 5),
    CASE (ROW_NUMBER() OVER()) % 4 
        WHEN 0 THEN '定兴总公司' WHEN 1 THEN '高碑店分公司' 
        WHEN 2 THEN '雄安分公司' ELSE '定兴总公司' END,
    '庾利丽',
    CASE (ROW_NUMBER() OVER()) % 2 
        WHEN 0 THEN '田雨' ELSE '周莹' END,
    '牛姗姗',
    CASE (ROW_NUMBER() OVER()) % 3 
        WHEN 0 THEN '小规模（公司）' WHEN 1 THEN '小规模（个体）' ELSE '一般纳税人' END,
    CONCAT('9111010', LPAD((ROW_NUMBER() OVER()) + 100, 7, '0'), 'X'),
    CONCAT('9111010', LPAD((ROW_NUMBER() OVER()) + 100, 7, '0'), 'X'),
    CONCAT('测试地址', (ROW_NUMBER() OVER()) + 10, '号'),
    CONCAT('测试地址', (ROW_NUMBER() OVER()) + 10, '号'),
    '测试税务局',
         'W3sibmFtZSI6ICLmtYvor5UiLCAicGhvbmUiOiAiMTM4MDAwMDAwMDAifV0=',
    CASE (ROW_NUMBER() OVER()) % 4 
        WHEN 0 THEN 'AA' WHEN 1 THEN 'A' WHEN 2 THEN 'B' ELSE 'BB' END,
    'normal',
    'normal',
    ROUND(1000 + RAND() * 8000, 2),
    DATE_ADD('2024-01-01', INTERVAL FLOOR(RAND() * 365) DAY),
    NOW()
FROM information_schema.tables LIMIT 95;

-- =============================================
-- 6. 合同表假数据 (100条) - 根据实际字段结构
-- =============================================
TRUNCATE TABLE `sys_contract`;
INSERT INTO `sys_contract` (`id`, `contractNumber`, `encryptedCode`, `signatory`, `contractType`, `partyACompany`, `partyACreditCode`, `partyALegalPerson`, `partyAAddress`, `partyAContact`, `partyAPhone`, `partyBCompany`, `partyBCreditCode`, `partyBLegalPerson`, `partyBAddress`, `partyBContact`, `partyBPhone`, `consultPhone`, `location`, `contractStatus`, `createTime`, `updateTime`) VALUES
(1, 'HT202401001', 'ENC001', '张三', '代理记账服务合同', '北京科技创新有限公司', '91110101123456789A', '张总', '北京市朝阳区科技园1号', '张总', '13800000001', '中岳会计公司', '91110101000000001', '中岳总', '河北省保定市定兴县', '客服小王', '400-000-0001', '400-000-0001', '定兴总公司', 'signed', '2024-01-15', NOW()),
(2, 'HT202401002', 'ENC002', '李四', '财务咨询服务合同', '上海贸易发展公司', '91310101234567890B', '李总', '上海市浦东新区贸易大厦2号', '李总', '13800000002', '中岳会计公司', '91110101000000001', '中岳总', '河北省保定市定兴县', '客服小李', '400-000-0002', '400-000-0002', '定兴总公司', 'signed', '2024-01-20', NOW()),
(3, 'HT202401003', 'ENC003', '王五', '税务代理服务合同', '广州制造实业企业', '91440101345678901C', '王总', '广州市天河区制造业园区3号', '王总', '13800000003', '中岳会计公司', '91110101000000001', '中岳总', '河北省保定市定兴县', '客服小张', '400-000-0003', '400-000-0003', '高碑店分公司', 'signed', '2024-02-01', NOW()),
(4, 'HT202401004', 'ENC004', '赵六', '代理记账服务合同', '深圳互联网科技公司', '91440300456789012D', '刘总', '深圳市南山区科技园4号', '刘总', '13800000004', '中岳会计公司', '91110101000000001', '中岳总', '河北省保定市定兴县', '客服小赵', '400-000-0004', '400-000-0004', '雄安分公司', 'signed', '2024-02-10', NOW()),
(5, 'HT202401005', 'ENC005', '钱七', '工商注册服务合同', '杭州电商服务公司', '91330101567890123E', '陈总', '杭州市西湖区电商园5号', '陈总', '13800000005', '中岳会计公司', '91110101000000001', '中岳总', '河北省保定市定兴县', '客服小钱', '400-000-0005', '400-000-0005', '定兴总公司', 'signed', '2024-02-15', NOW());

-- 生成剩余95条合同数据
INSERT INTO `sys_contract` (`contractNumber`, `encryptedCode`, `signatory`, `contractType`, `partyACompany`, `partyACreditCode`, `partyALegalPerson`, `partyAAddress`, `partyAContact`, `partyAPhone`, `partyBCompany`, `partyBCreditCode`, `partyBLegalPerson`, `partyBAddress`, `partyBContact`, `partyBPhone`, `consultPhone`, `location`, `contractStatus`, `createTime`, `updateTime`)
SELECT 
    CONCAT('HT2024', LPAD((ROW_NUMBER() OVER()) + 5, 5, '0')),
    CONCAT('ENC', LPAD((ROW_NUMBER() OVER()) + 5, 3, '0')),
    CASE (ROW_NUMBER() OVER()) % 10 
        WHEN 0 THEN '张三' WHEN 1 THEN '李四' WHEN 2 THEN '王五' WHEN 3 THEN '赵六' WHEN 4 THEN '钱七'
        WHEN 5 THEN '孙八' WHEN 6 THEN '周九' WHEN 7 THEN '吴十' WHEN 8 THEN '郑十一' ELSE '冯会计' END,
    CASE (ROW_NUMBER() OVER()) % 4 
        WHEN 0 THEN '代理记账服务合同' WHEN 1 THEN '财务咨询服务合同' 
        WHEN 2 THEN '税务代理服务合同' ELSE '工商注册服务合同' END,
    CONCAT('测试企业', (ROW_NUMBER() OVER()) + 5),
    CONCAT('9111010', LPAD((ROW_NUMBER() OVER()) + 105, 7, '0'), 'X'),
    CONCAT('测试总', (ROW_NUMBER() OVER()) + 5),
    CONCAT('测试地址', (ROW_NUMBER() OVER()) + 5, '号'),
    CONCAT('测试总', (ROW_NUMBER() OVER()) + 5),
    CONCAT('1380000', LPAD((ROW_NUMBER() OVER()) + 5, 4, '0')),
    '中岳会计公司',
    '91110101000000001',
    '中岳总',
    '河北省保定市定兴县',
    CONCAT('客服', (ROW_NUMBER() OVER()) + 5),
    CONCAT('400-000-', LPAD((ROW_NUMBER() OVER()) + 5, 4, '0')),
    CONCAT('400-000-', LPAD((ROW_NUMBER() OVER()) + 5, 4, '0')),
    CASE (ROW_NUMBER() OVER()) % 4 
        WHEN 0 THEN '定兴总公司' WHEN 1 THEN '高碑店分公司' 
        WHEN 2 THEN '雄安分公司' ELSE '定兴总公司' END,
    CASE (ROW_NUMBER() OVER()) % 3 
        WHEN 0 THEN 'signed' WHEN 1 THEN 'pending' ELSE 'draft' END,
    DATE_ADD('2024-01-01', INTERVAL FLOOR(RAND() * 365) DAY),
    NOW()
FROM information_schema.tables LIMIT 95;

-- =============================================
-- 7. 费用表假数据 (100条) - 根据实际字段结构
-- =============================================
TRUNCATE TABLE `sys_expense`;
INSERT INTO `sys_expense` (`id`, `companyName`, `unifiedSocialCreditCode`, `companyType`, `companyLocation`, `licenseType`, `licenseFee`, `brandFee`, `agencyType`, `agencyFee`, `chargeDate`, `salesperson`, `auditor`, `status`, `businessType`, `createdAt`, `updatedAt`) VALUES
(1, '北京科技创新有限公司', '91110101123456789A', '小规模（公司）', '定兴总公司', '工商注册', 500.00, 200.00, '代理记账', 2000.00, '2024-01-15', '张三', '李四', 1, '代理记账', '2024-01-15', NOW()),
(2, '上海贸易发展公司', '91310101234567890B', '小规模（公司）', '定兴总公司', '变更登记', 300.00, 100.00, '财务咨询', 1500.00, '2024-01-20', '王五', '赵六', 1, '财务咨询', '2024-01-20', NOW()),
(3, '广州制造实业企业', '91440101345678901C', '小规模（公司）', '高碑店分公司', '年度报告', 200.00, 50.00, '税务代理', 1200.00, '2024-02-01', '钱七', '孙八', 1, '税务代理', '2024-02-01', NOW()),
(4, '深圳互联网科技公司', '91440300456789012D', '小规模（公司）', '雄安分公司', '工商注册', 600.00, 250.00, '代理记账', 2500.00, '2024-02-10', '周九', '吴十', 1, '代理记账', '2024-02-10', NOW()),
(5, '杭州电商服务公司', '91330101567890123E', '小规模（公司）', '定兴总公司', '许可证办理', 400.00, 150.00, '工商注册', 1000.00, '2024-02-15', '郑十一', '冯会计', 1, '工商注册', '2024-02-15', NOW());

-- 生成剩余95条费用数据
INSERT INTO `sys_expense` (`companyName`, `unifiedSocialCreditCode`, `companyType`, `companyLocation`, `licenseType`, `licenseFee`, `brandFee`, `agencyType`, `agencyFee`, `chargeDate`, `salesperson`, `auditor`, `status`, `businessType`, `createdAt`, `updatedAt`)
SELECT 
    CONCAT('测试企业', (ROW_NUMBER() OVER()) + 5),
    CONCAT('9111010', LPAD((ROW_NUMBER() OVER()) + 105, 7, '0'), 'X'),
    CASE (ROW_NUMBER() OVER()) % 3 
        WHEN 0 THEN '小规模（公司）' WHEN 1 THEN '小规模（个体）' ELSE '一般纳税人' END,
    CASE (ROW_NUMBER() OVER()) % 4 
        WHEN 0 THEN '定兴总公司' WHEN 1 THEN '高碑店分公司' 
        WHEN 2 THEN '雄安分公司' ELSE '定兴总公司' END,
    CASE (ROW_NUMBER() OVER()) % 5 
        WHEN 0 THEN '工商注册' WHEN 1 THEN '变更登记' WHEN 2 THEN '年度报告'
        WHEN 3 THEN '许可证办理' ELSE '注销登记' END,
    ROUND(200 + RAND() * 800, 2),
    ROUND(50 + RAND() * 200, 2),
    CASE (ROW_NUMBER() OVER()) % 4 
        WHEN 0 THEN '代理记账' WHEN 1 THEN '财务咨询' 
        WHEN 2 THEN '税务代理' ELSE '工商注册' END,
    ROUND(1000 + RAND() * 2000, 2),
    DATE_ADD('2024-01-01', INTERVAL FLOOR(RAND() * 365) DAY),
    CASE (ROW_NUMBER() OVER()) % 10 
        WHEN 0 THEN '张三' WHEN 1 THEN '李四' WHEN 2 THEN '王五' WHEN 3 THEN '赵六' WHEN 4 THEN '钱七'
        WHEN 5 THEN '孙八' WHEN 6 THEN '周九' WHEN 7 THEN '吴十' WHEN 8 THEN '郑十一' ELSE '冯会计' END,
    CASE (ROW_NUMBER() OVER()) % 5 
        WHEN 0 THEN '张三' WHEN 1 THEN '李四' WHEN 2 THEN '王五' 
        WHEN 3 THEN '赵六' ELSE '钱七' END,
    CASE (ROW_NUMBER() OVER()) % 3 
        WHEN 0 THEN 1 WHEN 1 THEN 0 ELSE 2 END,
    CASE (ROW_NUMBER() OVER()) % 4 
        WHEN 0 THEN '代理记账' WHEN 1 THEN '财务咨询' 
        WHEN 2 THEN '税务代理' ELSE '工商注册' END,
    DATE_ADD('2024-01-01', INTERVAL FLOOR(RAND() * 365) DAY),
    NOW()
FROM information_schema.tables LIMIT 95;

-- =============================================
-- 8. 员工表假数据 (20条) - 根据实际字段结构
-- =============================================
TRUNCATE TABLE `sys_employees`;
INSERT INTO `sys_employees` (`id`, `name`, `departmentId`, `employeeType`, `position`, `rank`, `isResigned`, `baseSalary`, `resume`, `birthday`, `actualBirthday`, `idCardNumber`, `bankCardNumber`, `bankName`, `payrollCompany`, `createdAt`, `updatedAt`, `commissionRatePosition`) VALUES
(1, '张三', 2, '正式员工', '业务主管', '主管', 0, 8000.00, NULL, '1990-01-01', '农历1990-01-01', '110101199001011001', '6222000000000001', '中国银行', '中岳会计公司', NOW(), NOW(), '业务主管'),
(2, '李四', 6, '正式员工', '财务专员', '专员', 0, 6000.00, NULL, '1990-02-02', '农历1990-02-02', '110101199002021002', '6222000000000002', '中国银行', '中岳会计公司', NOW(), NOW(), '财务专员'),
(3, '王五', 7, '正式员工', '销售代表', '专员', 0, 5500.00, NULL, '1990-03-03', '农历1990-03-03', '110101199003031003', '6222000000000003', '中国银行', '中岳会计公司', NOW(), NOW(), '销售代表'),
(4, '赵六', 7, '正式员工', '客服专员', '专员', 0, 5000.00, NULL, '1990-04-04', '农历1990-04-04', '110101199004041004', '6222000000000004', '中国银行', '中岳会计公司', NOW(), NOW(), '客服专员'),
(5, '钱七', 4, '正式员工', '区域经理', '经理', 0, 9000.00, NULL, '1990-05-05', '农历1990-05-05', '110101199005051005', '6222000000000005', '中国银行', '中岳会计公司', NOW(), NOW(), '区域经理'),
(6, '孙八', 7, '正式员工', '市场专员', '专员', 0, 5500.00, NULL, '1990-06-06', '农历1990-06-06', '110101199006061006', '6222000000000006', '中国银行', '中岳会计公司', NOW(), NOW(), '市场专员'),
(7, '周九', 6, '正式员工', '会计', '专员', 0, 6500.00, NULL, '1990-07-07', '农历1990-07-07', '110101199007071007', '6222000000000007', '中国银行', '中岳会计公司', NOW(), NOW(), '会计'),
(8, '吴十', 6, '正式员工', '出纳', '专员', 0, 5000.00, NULL, '1990-08-08', '农历1990-08-08', '110101199008081008', '6222000000000008', '中国银行', '中岳会计公司', NOW(), NOW(), '出纳'),
(9, '郑十一', 7, '正式员工', '销售代表', '专员', 0, 5500.00, NULL, '1990-09-09', '农历1990-09-09', '110101199009091009', '6222000000000009', '中国银行', '中岳会计公司', NOW(), NOW(), '销售代表'),
(10, '冯会计', 6, '正式员工', '会计', '专员', 0, 6500.00, NULL, '1990-10-10', '农历1990-10-10', '110101199010101010', '6222000000000010', '中国银行', '中岳会计公司', NOW(), NOW(), '会计'),
(11, '陈出纳', 6, '正式员工', '出纳', '专员', 0, 5000.00, NULL, '1991-01-01', '农历1991-01-01', '110101199101011011', '6222000000000011', '中国银行', '中岳会计公司', NOW(), NOW(), '出纳'),
(12, '褚业务', 7, '正式员工', '业务员', '专员', 0, 5000.00, NULL, '1991-02-02', '农历1991-02-02', '110101199102021012', '6222000000000012', '中国银行', '中岳会计公司', NOW(), NOW(), '业务员'),
(13, '卫销售', 7, '正式员工', '销售代表', '专员', 0, 5500.00, NULL, '1991-03-03', '农历1991-03-03', '110101199103031013', '6222000000000013', '中国银行', '中岳会计公司', NOW(), NOW(), '销售代表'),
(14, '蒋客服', 8, '正式员工', '客服专员', '专员', 0, 4500.00, NULL, '1991-04-04', '农历1991-04-04', '110101199104041014', '6222000000000014', '中国银行', '中岳会计公司', NOW(), NOW(), '客服专员'),
(15, '沈技术', 9, '正式员工', '技术员', '专员', 0, 7000.00, NULL, '1991-05-05', '农历1991-05-05', '110101199105051015', '6222000000000015', '中国银行', '中岳会计公司', NOW(), NOW(), '技术员'),
(16, '韩开发', 9, '正式员工', '开发工程师', '工程师', 0, 8000.00, NULL, '1991-06-06', '农历1991-06-06', '110101199106061016', '6222000000000016', '中国银行', '中岳会计公司', NOW(), NOW(), '开发工程师'),
(17, '杨人事', 8, '正式员工', '人事专员', '专员', 0, 5500.00, NULL, '1991-07-07', '农历1991-07-07', '110101199107071017', '6222000000000017', '中国银行', '中岳会计公司', NOW(), NOW(), '人事专员'),
(18, '朱主管', 2, '正式员工', '部门主管', '主管', 0, 8500.00, NULL, '1991-08-08', '农历1991-08-08', '110101199108081018', '6222000000000018', '中国银行', '中岳会计公司', NOW(), NOW(), '部门主管'),
(19, '秦经理', 3, '正式员工', '区域经理', '经理', 0, 9500.00, NULL, '1991-09-09', '农历1991-09-09', '110101199109091019', '6222000000000019', '中国银行', '中岳会计公司', NOW(), NOW(), '区域经理'),
(20, '尤总监', 1, '正式员工', '总监', '总监', 0, 12000.00, NULL, '1991-10-10', '农历1991-10-10', '110101199110101020', '6222000000000020', '中国银行', '中岳会计公司', NOW(), NOW(), '总监');

-- =============================================
-- 9. 薪资表假数据 (20条) - 根据实际字段结构
-- =============================================
TRUNCATE TABLE `sys_salary`;
INSERT INTO `sys_salary` (`department`, `name`, `idCard`, `type`, `baseSalary`, `temporaryIncrease`, `attendanceDeduction`, `basicSalaryPayable`, `fullAttendance`, `totalSubsidy`, `seniority`, `agencyFeeCommission`, `performanceCommission`, `businessCommission`, `otherDeductions`, `personalMedical`, `personalPension`, `personalUnemployment`, `personalInsuranceTotal`, `companyInsuranceTotal`, `depositDeduction`, `personalIncomeTax`, `other`, `totalPayable`, `bankCardNumber`, `bankCardOrWechat`, `cashPaid`, `corporatePayment`, `taxDeclaration`, `isPaid`, `isConfirmed`, `yearMonth`, `createdAt`, `updatedAt`) VALUES
('北京分公司', '张三', '110101199001011001', '正式员工', 8000.00, 0.00, 0.00, 8000.00, 200.00, 500.00, 300.00, 1000.00, 500.00, 800.00, 0.00, 200.00, 640.00, 80.00, 920.00, 1500.00, 0.00, 450.00, 0.00, 9330.00, '6222000000000001', 9330.00, 0.00, 0.00, 450.00, 1, 1, '2024-12-01', NOW(), NOW()),
('财务部', '李四', '110101199002021002', '正式员工', 6000.00, 0.00, 0.00, 6000.00, 200.00, 300.00, 200.00, 0.00, 300.00, 0.00, 0.00, 150.00, 480.00, 60.00, 690.00, 1200.00, 0.00, 280.00, 0.00, 6110.00, '6222000000000002', 6110.00, 0.00, 0.00, 280.00, 1, 1, '2024-12-01', NOW(), NOW()),
('业务部', '王五', '110101199003031003', '正式员工', 5500.00, 0.00, 0.00, 5500.00, 200.00, 250.00, 150.00, 700.00, 250.00, 500.00, 0.00, 138.00, 440.00, 55.00, 633.00, 1100.00, 0.00, 240.00, 0.00, 6667.00, '6222000000000003', 6667.00, 0.00, 0.00, 240.00, 1, 1, '2024-12-01', NOW(), NOW()),
('业务部', '赵六', '110101199004041004', '正式员工', 5000.00, 0.00, 0.00, 5000.00, 200.00, 200.00, 100.00, 600.00, 200.00, 400.00, 0.00, 125.00, 400.00, 50.00, 575.00, 1000.00, 0.00, 200.00, 0.00, 6125.00, '6222000000000004', 6125.00, 0.00, 0.00, 200.00, 1, 1, '2024-12-01', NOW(), NOW()),
('广州分公司', '钱七', '110101199005051005', '正式员工', 9000.00, 0.00, 0.00, 9000.00, 200.00, 600.00, 400.00, 1200.00, 600.00, 1000.00, 0.00, 225.00, 720.00, 90.00, 1035.00, 1800.00, 0.00, 520.00, 0.00, 11045.00, '6222000000000005', 11045.00, 0.00, 0.00, 520.00, 1, 1, '2024-12-01', NOW(), NOW()),
('业务部', '孙八', '110101199006061006', '正式员工', 5500.00, 0.00, 0.00, 5500.00, 200.00, 250.00, 150.00, 700.00, 250.00, 500.00, 0.00, 138.00, 440.00, 55.00, 633.00, 1100.00, 0.00, 240.00, 0.00, 6667.00, '6222000000000006', 6667.00, 0.00, 0.00, 240.00, 1, 0, '2024-12-01', NOW(), NOW()),
('财务部', '周九', '110101199007071007', '正式员工', 6500.00, 0.00, 0.00, 6500.00, 200.00, 350.00, 250.00, 0.00, 300.00, 0.00, 0.00, 163.00, 520.00, 65.00, 748.00, 1300.00, 0.00, 320.00, 0.00, 7282.00, '6222000000000007', 7282.00, 0.00, 0.00, 320.00, 1, 0, '2024-12-01', NOW(), NOW()),
('财务部', '吴十', '110101199008081008', '正式员工', 5000.00, 0.00, 0.00, 5000.00, 200.00, 200.00, 100.00, 0.00, 200.00, 0.00, 0.00, 125.00, 400.00, 50.00, 575.00, 1000.00, 0.00, 200.00, 0.00, 5725.00, '6222000000000008', 5725.00, 0.00, 0.00, 200.00, 0, 0, '2024-12-01', NOW(), NOW()),
('业务部', '郑十一', '110101199009091009', '正式员工', 5500.00, 0.00, 0.00, 5500.00, 200.00, 250.00, 150.00, 800.00, 250.00, 600.00, 0.00, 138.00, 440.00, 55.00, 633.00, 1100.00, 0.00, 280.00, 0.00, 7167.00, '6222000000000009', 7167.00, 0.00, 0.00, 280.00, 0, 0, '2024-12-01', NOW(), NOW()),
('财务部', '冯会计', '110101199010101010', '正式员工', 6500.00, 0.00, 0.00, 6500.00, 200.00, 350.00, 250.00, 0.00, 300.00, 0.00, 0.00, 163.00, 520.00, 65.00, 748.00, 1300.00, 0.00, 320.00, 0.00, 7282.00, '6222000000000010', 7282.00, 0.00, 0.00, 320.00, 0, 0, '2024-11-01', NOW(), NOW()),
('财务部', '陈出纳', '110101199101011011', '正式员工', 5000.00, 0.00, 0.00, 5000.00, 200.00, 200.00, 100.00, 0.00, 200.00, 0.00, 0.00, 125.00, 400.00, 50.00, 575.00, 1000.00, 0.00, 200.00, 0.00, 5725.00, '6222000000000011', 5725.00, 0.00, 0.00, 200.00, 0, 0, '2024-11-01', NOW(), NOW()),
('业务部', '褚业务', '110101199102021012', '正式员工', 5000.00, 0.00, 0.00, 5000.00, 200.00, 200.00, 100.00, 600.00, 200.00, 500.00, 0.00, 125.00, 400.00, 50.00, 575.00, 1000.00, 0.00, 240.00, 0.00, 6285.00, '6222000000000012', 6285.00, 0.00, 0.00, 240.00, 0, 0, '2024-11-01', NOW(), NOW()),
('业务部', '卫销售', '110101199103031013', '正式员工', 5500.00, 0.00, 0.00, 5500.00, 200.00, 250.00, 150.00, 700.00, 250.00, 600.00, 0.00, 138.00, 440.00, 55.00, 633.00, 1100.00, 0.00, 280.00, 0.00, 7167.00, '6222000000000013', 7167.00, 0.00, 0.00, 280.00, 0, 0, '2024-11-01', NOW(), NOW()),
('人事部', '蒋客服', '110101199104041014', '正式员工', 4500.00, 0.00, 0.00, 4500.00, 200.00, 150.00, 50.00, 0.00, 150.00, 0.00, 0.00, 113.00, 360.00, 45.00, 518.00, 900.00, 0.00, 150.00, 0.00, 5032.00, '6222000000000014', 5032.00, 0.00, 0.00, 150.00, 0, 0, '2024-11-01', NOW(), NOW()),
('技术部', '沈技术', '110101199105051015', '正式员工', 7000.00, 0.00, 0.00, 7000.00, 200.00, 400.00, 300.00, 0.00, 350.00, 0.00, 0.00, 175.00, 560.00, 70.00, 805.00, 1400.00, 0.00, 380.00, 0.00, 8065.00, '6222000000000015', 8065.00, 0.00, 0.00, 380.00, 0, 0, '2024-11-01', NOW(), NOW()),
('技术部', '韩开发', '110101199106061016', '正式员工', 8000.00, 0.00, 0.00, 8000.00, 200.00, 500.00, 350.00, 0.00, 400.00, 0.00, 0.00, 200.00, 640.00, 80.00, 920.00, 1600.00, 0.00, 450.00, 0.00, 9280.00, '6222000000000016', 9280.00, 0.00, 0.00, 450.00, 0, 0, '2024-10-01', NOW(), NOW()),
('人事部', '杨人事', '110101199107071017', '正式员工', 5500.00, 0.00, 0.00, 5500.00, 200.00, 250.00, 150.00, 0.00, 250.00, 0.00, 0.00, 138.00, 440.00, 55.00, 633.00, 1100.00, 0.00, 240.00, 0.00, 6217.00, '6222000000000017', 6217.00, 0.00, 0.00, 240.00, 0, 0, '2024-10-01', NOW(), NOW()),
('北京分公司', '朱主管', '110101199108081018', '正式员工', 8500.00, 0.00, 0.00, 8500.00, 200.00, 550.00, 350.00, 1100.00, 450.00, 900.00, 0.00, 213.00, 680.00, 85.00, 978.00, 1700.00, 0.00, 480.00, 0.00, 10122.00, '6222000000000018', 10122.00, 0.00, 0.00, 480.00, 0, 0, '2024-10-01', NOW(), NOW()),
('上海分公司', '秦经理', '110101199109091019', '正式员工', 9500.00, 0.00, 0.00, 9500.00, 200.00, 650.00, 450.00, 1300.00, 550.00, 1100.00, 0.00, 238.00, 760.00, 95.00, 1093.00, 1900.00, 0.00, 580.00, 0.00, 12207.00, '6222000000000019', 12207.00, 0.00, 0.00, 580.00, 0, 0, '2024-10-01', NOW(), NOW()),
('总部', '尤总监', '110101199110101020', '正式员工', 12000.00, 0.00, 0.00, 12000.00, 200.00, 800.00, 600.00, 0.00, 700.00, 0.00, 0.00, 300.00, 960.00, 120.00, 1380.00, 2400.00, 0.00, 720.00, 0.00, 13000.00, '6222000000000020', 13000.00, 0.00, 0.00, 720.00, 0, 0, '2024-10-01', NOW(), NOW());

-- =============================================
-- 10. 通知表假数据 (20条) - 根据实际字段结构
-- =============================================
TRUNCATE TABLE `sys_notification`;
INSERT INTO `sys_notification` (`id`, `title`, `content`, `type`, `createdBy`, `createdAt`) VALUES
(1, '系统维护通知', '系统将于今晚22:00-24:00进行维护，请提前保存工作数据。', 'system', 1, '2024-12-01 10:00:00'),
(2, '月度工作会议', '请所有部门主管参加明天上午9:00的月度工作会议，地点：会议室A。', 'meeting', 1, '2024-12-01 14:30:00'),
(3, '薪资发放提醒', '本月薪资已发放完毕，请及时查收银行卡。如有疑问请联系财务部。', 'salary', 2, '2024-12-01 16:00:00'),
(4, '新员工入职', '欢迎新同事小李加入我们的团队！请各部门做好配合工作。', 'hr', 18, '2024-12-02 09:00:00'),
(5, '费用审核通知', '您提交的差旅费用申请已通过审核，将在下个工作日到账。', 'expense', 3, '2024-12-02 11:30:00'),
(6, '客户资料更新', '请各业务员及时更新客户联系方式，确保信息准确性。', 'customer', 4, '2024-12-02 15:20:00'),
(7, '合同到期提醒', '部分客户代账服务合同即将到期，请业务部门及时跟进续签。', 'contract', 5, '2024-12-03 08:45:00'),
(8, '业务培训通知', '下周三将举行新税务政策培训，请相关人员务必参加。', 'training', 6, '2024-12-03 13:15:00'),
(9, '年终总结准备', '请各部门开始准备年终工作总结，截止时间为本月25日。', 'summary', 1, '2024-12-03 17:00:00'),
(10, '元旦假期安排', '元旦假期安排已出，共3天假期，请合理安排工作。', 'holiday', 1, '2024-12-04 10:30:00'),
(11, '办公安全提醒', '请注意办公室用电安全，下班时务必关闭所有电源设备。', 'safety', 7, '2024-12-04 14:45:00'),
(12, '月度报表提交', '请各部门按时提交月度工作报表，财务部需在15日前完成。', 'report', 8, '2024-12-05 09:20:00'),
(13, '客户满意度调查', '本月客户满意度调查已启动，请业务部门积极配合完成。', 'survey', 9, '2024-12-05 12:00:00'),
(14, '办公设备更新', '部分老旧电脑设备将陆续更新，请各部门配合IT部门工作。', 'equipment', 10, '2024-12-05 16:30:00'),
(15, '税务政策调整', '新的小规模纳税人税务政策有所调整，请会计人员及时学习。', 'policy', 11, '2024-12-06 08:00:00'),
(16, '公司团建活动', '公司年终团建活动报名开始，活动时间为下月第一个周末。', 'activity', 12, '2024-12-06 11:45:00'),
(17, '考勤制度提醒', '请全体员工注意考勤打卡，避免迟到早退现象发生。', 'attendance', 13, '2024-12-06 15:10:00'),
(18, '档案文档整理', '请各部门整理并归档本年度相关工作文档，准备年终检查。', 'document', 14, '2024-12-07 09:35:00'),
(19, '客户回访计划', '请业务部门制定客户回访计划，加强客户关系维护。', 'callback', 15, '2024-12-07 13:50:00'),
(20, '年会筹备启动', '公司年会筹备工作正式开始，欢迎大家踊跃参与节目报名。', 'event', 1, '2024-12-07 18:00:00');

-- =============================================
-- 11. 通知接收者表假数据 - 根据实际表结构
-- =============================================
TRUNCATE TABLE `sys_notification_recipient`;
INSERT INTO `sys_notification_recipient` (`notificationId`, `userId`, `readStatus`, `readAt`, `createdAt`) VALUES
-- 系统维护通知 - 发给所有用户
(1, 1, 1, '2024-12-01 10:30:00', '2024-12-01 10:00:00'),
(1, 2, 1, '2024-12-01 11:00:00', '2024-12-01 10:00:00'),
(1, 3, 0, NULL, '2024-12-01 10:00:00'),
(1, 4, 0, NULL, '2024-12-01 10:00:00'),
(1, 5, 1, '2024-12-01 12:00:00', '2024-12-01 10:00:00'),
-- 月度工作会议 - 发给主管们
(2, 1, 1, '2024-12-01 15:00:00', '2024-12-01 14:30:00'),
(2, 18, 0, NULL, '2024-12-01 14:30:00'),
(2, 19, 0, NULL, '2024-12-01 14:30:00'),
(2, 20, 0, NULL, '2024-12-01 14:30:00'),
(2, 21, 1, '2024-12-01 16:30:00', '2024-12-01 14:30:00'),
-- 薪资发放提醒 - 发给所有员工
(3, 1, 1, '2024-12-01 16:15:00', '2024-12-01 16:00:00'),
(3, 2, 1, '2024-12-01 16:45:00', '2024-12-01 16:00:00'),
(3, 3, 0, NULL, '2024-12-01 16:00:00'),
(3, 4, 0, NULL, '2024-12-01 16:00:00'),
(3, 5, 1, '2024-12-01 17:00:00', '2024-12-01 16:00:00'),
(3, 6, 0, NULL, '2024-12-01 16:00:00'),
(3, 7, 0, NULL, '2024-12-01 16:00:00'),
(3, 8, 0, NULL, '2024-12-01 16:00:00'),
(3, 9, 0, NULL, '2024-12-01 16:00:00'),
(3, 10, 0, NULL, '2024-12-01 16:00:00'),
-- 新员工入职 - 发给人事和管理层
(4, 1, 1, '2024-12-02 09:30:00', '2024-12-02 09:00:00'),
(4, 18, 1, '2024-12-02 10:00:00', '2024-12-02 09:00:00'),
(4, 23, 0, NULL, '2024-12-02 09:00:00'),
-- 费用审核通知 - 发给申请人
(5, 6, 1, '2024-12-02 12:00:00', '2024-12-02 11:30:00'),
(5, 7, 0, NULL, '2024-12-02 11:30:00'),
-- 客户资料更新 - 发给业务部门
(6, 13, 0, NULL, '2024-12-02 15:20:00'),
(6, 14, 0, NULL, '2024-12-02 15:20:00'),
(6, 25, 0, NULL, '2024-12-02 15:20:00'),
(6, 30, 0, NULL, '2024-12-02 15:20:00'),
-- 合同到期提醒 - 发给业务负责人
(7, 13, 0, NULL, '2024-12-03 08:45:00'),
(7, 14, 0, NULL, '2024-12-03 08:45:00'),
(7, 25, 0, NULL, '2024-12-03 08:45:00'),
-- 培训通知 - 发给相关部门
(8, 11, 0, NULL, '2024-12-03 13:15:00'),
(8, 12, 0, NULL, '2024-12-03 13:15:00'),
(8, 13, 0, NULL, '2024-12-03 13:15:00'),
(8, 14, 0, NULL, '2024-12-03 13:15:00'),
-- 年终总结 - 发给所有管理人员
(9, 1, 0, NULL, '2024-12-03 17:00:00'),
(9, 18, 0, NULL, '2024-12-03 17:00:00'),
(9, 19, 0, NULL, '2024-12-03 17:00:00'),
(9, 20, 0, NULL, '2024-12-03 17:00:00'),
(9, 21, 0, NULL, '2024-12-03 17:00:00'),
-- 假期安排 - 发给所有人
(10, 1, 0, NULL, '2024-12-04 10:30:00'),
(10, 2, 0, NULL, '2024-12-04 10:30:00'),
(10, 3, 0, NULL, '2024-12-04 10:30:00'),
(10, 4, 0, NULL, '2024-12-04 10:30:00'),
(10, 5, 0, NULL, '2024-12-04 10:30:00'),
(10, 6, 0, NULL, '2024-12-04 10:30:00'),
(10, 7, 0, NULL, '2024-12-04 10:30:00'),
(10, 8, 0, NULL, '2024-12-04 10:30:00'),
(10, 9, 0, NULL, '2024-12-04 10:30:00'),
(10, 10, 0, NULL, '2024-12-04 10:30:00');

-- =============================================
-- 12. 考勤表假数据 (20条) - 根据实际字段结构 
-- =============================================
TRUNCATE TABLE `sys_attendance`;
INSERT INTO `sys_attendance` (`date`, `record_type`, `name`, `name_ex`, `departs_name`, `acctid`, `checkintime_work`, `checkintime_off_work`, `day_type`, `checkin_count`, `regular_work_sec`, `standard_work_sec`, `earliest_time`, `lastest_time`, `exception_late`, `exception_early`, `exception_absent`, `exception_missing`, `ot_duration`, `created_at`, `updated_at`) VALUES
('2024-12-01', 1, '张三', '张三', '北京分公司', 'ZS001', '09:00:00', '18:00:00', 1, 2, 8.00, 8.00, '09:00:00', '18:00:00', 0, 0, 0, 0, 0.00, NOW(), NOW()),
('2024-12-01', 1, '李四', '李四', '财务部', 'LS001', '09:00:00', '18:00:00', 1, 2, 8.00, 8.00, '09:00:00', '18:00:00', 0, 0, 0, 0, 0.00, NOW(), NOW()),
('2024-12-01', 1, '王五', '王五', '业务部', 'WW001', '09:00:00', '18:00:00', 1, 2, 8.00, 8.00, '09:00:00', '18:00:00', 0, 0, 0, 0, 0.00, NOW(), NOW()),
('2024-12-01', 1, '赵六', '赵六', '业务部', 'ZL001', '09:15:00', '18:00:00', 1, 2, 7.75, 8.00, '09:15:00', '18:00:00', 1, 0, 0, 0, 0.00, NOW(), NOW()),
('2024-12-01', 1, '钱七', '钱七', '广州分公司', 'QQ001', '09:00:00', '17:45:00', 1, 2, 7.75, 8.00, '09:00:00', '17:45:00', 0, 1, 0, 0, 0.00, NOW(), NOW()),
('2024-12-01', 1, '孙八', '孙八', '业务部', 'SB001', '09:00:00', '18:00:00', 1, 2, 8.00, 8.00, '09:00:00', '18:00:00', 0, 0, 0, 0, 0.00, NOW(), NOW()),
('2024-12-01', 1, '周九', '周九', '财务部', 'ZJ001', '09:00:00', '18:00:00', 1, 2, 8.00, 8.00, '09:00:00', '18:00:00', 0, 0, 0, 0, 0.00, NOW(), NOW()),
('2024-12-01', 1, '吴十', '吴十', '财务部', 'WS001', NULL, NULL, 1, 0, 0.00, 8.00, NULL, NULL, 0, 0, 1, 0, 0.00, NOW(), NOW()),
('2024-12-01', 1, '郑十一', '郑十一', '业务部', 'ZSY001', '09:00:00', '18:00:00', 1, 2, 8.00, 8.00, '09:00:00', '18:00:00', 0, 0, 0, 0, 0.00, NOW(), NOW()),
('2024-12-01', 1, '冯会计', '冯会计', '财务部', 'FHJ001', '09:00:00', '18:00:00', 1, 2, 8.00, 8.00, '09:00:00', '18:00:00', 0, 0, 0, 0, 0.00, NOW(), NOW()),
('2024-12-02', 1, '陈出纳', '陈出纳', '财务部', 'CCN001', '09:00:00', '18:00:00', 1, 2, 8.00, 8.00, '09:00:00', '18:00:00', 0, 0, 0, 0, 0.00, NOW(), NOW()),
('2024-12-02', 1, '褚业务', '褚业务', '业务部', 'CYW001', '09:00:00', '18:00:00', 1, 2, 8.00, 8.00, '09:00:00', '18:00:00', 0, 0, 0, 0, 0.00, NOW(), NOW()),
('2024-12-02', 1, '卫销售', '卫销售', '业务部', 'WXS001', '09:30:00', '18:00:00', 1, 2, 7.50, 8.00, '09:30:00', '18:00:00', 1, 0, 0, 0, 0.00, NOW(), NOW()),
('2024-12-02', 1, '蒋客服', '蒋客服', '人事部', 'JKF001', '09:00:00', '18:00:00', 1, 2, 8.00, 8.00, '09:00:00', '18:00:00', 0, 0, 0, 0, 0.00, NOW(), NOW()),
('2024-12-02', 1, '沈技术', '沈技术', '技术部', 'SJS001', '09:00:00', '19:00:00', 1, 2, 9.00, 8.00, '09:00:00', '19:00:00', 0, 0, 0, 0, 1.00, NOW(), NOW()),
('2024-12-02', 1, '韩开发', '韩开发', '技术部', 'HKF001', '09:00:00', '19:30:00', 1, 2, 9.50, 8.00, '09:00:00', '19:30:00', 0, 0, 0, 0, 1.50, NOW(), NOW()),
('2024-12-02', 1, '杨人事', '杨人事', '人事部', 'YRS001', '09:00:00', '18:00:00', 1, 2, 8.00, 8.00, '09:00:00', '18:00:00', 0, 0, 0, 0, 0.00, NOW(), NOW()),
('2024-12-02', 1, '朱主管', '朱主管', '北京分公司', 'ZZG001', '08:45:00', '18:00:00', 1, 2, 8.25, 8.00, '08:45:00', '18:00:00', 0, 0, 0, 0, 0.00, NOW(), NOW()),
('2024-12-02', 1, '秦经理', '秦经理', '上海分公司', 'QJL001', '09:00:00', '18:00:00', 1, 2, 8.00, 8.00, '09:00:00', '18:00:00', 0, 0, 0, 0, 0.00, NOW(), NOW()),
('2024-12-02', 1, '尤总监', '尤总监', '总部', 'YZJ001', '09:00:00', '18:00:00', 1, 2, 8.00, 8.00, '09:00:00', '18:00:00', 0, 0, 0, 0, 0.00, NOW(), NOW());

-- =============================================
-- 重置自增ID
-- =============================================
ALTER TABLE `sys_department` AUTO_INCREMENT = 11;
ALTER TABLE `sys_role` AUTO_INCREMENT = 11;
ALTER TABLE `sys_user` AUTO_INCREMENT = 31;
ALTER TABLE `sys_customer` AUTO_INCREMENT = 101;
ALTER TABLE `sys_contract` AUTO_INCREMENT = 101;
ALTER TABLE `sys_expense` AUTO_INCREMENT = 101;
ALTER TABLE `sys_employees` AUTO_INCREMENT = 21;
ALTER TABLE `sys_salary` AUTO_INCREMENT = 21;
ALTER TABLE `sys_notification` AUTO_INCREMENT = 21;
ALTER TABLE `sys_notification_recipient` AUTO_INCREMENT = 50;
ALTER TABLE `sys_attendance` AUTO_INCREMENT = 21;

-- 恢复外键检查
SET FOREIGN_KEY_CHECKS = 1;

-- =============================================
-- 脚本执行完成统计
-- =============================================
SELECT '假数据生成完成！' as message;
SELECT '客户表：100条数据' as customer_data;
SELECT '费用表：100条数据' as expense_data;
SELECT '合同表：100条数据' as contract_data;
SELECT '用户表：30条数据' as user_data;
SELECT '角色表：10条数据' as role_data;
SELECT '部门表：10条数据' as department_data;
SELECT '员工表：20条数据' as employee_data;
SELECT '薪资表：20条数据' as salary_data;
SELECT '通知表：20条数据' as notification_data;
SELECT '考勤表：20条数据' as attendance_data; 